-4.168446012071637397e-02,7.211489835137048499e-02,7.110346920198240550e-02,-2.675874506109893315e-199,-4.341458561971542321e-223,-2.253004449539908637e-246,-1.221243313370750855e-282,-1.330412849266695683e-286,-4.993745944870301899e-212,-1.263203703325086751e-210,-1.250527335958784014e-01,-1.373361477964348813e-267,-8.199226676580488844e-204,-4.168407961437627790e-02,-1.207356046568891522e-243,-4.431850608266545075e-199,-2.383619636070346957e-224,-2.549470215733621553e-141,-4.168399961818604338e-02,0.000000000000000000e+00,-2.501036214987902295e-01,-2.201493930268480263e-163,-3.606883749211007264e-251,-5.532677192168111696e-235,-9.124333715021032415e-145,-8.914482462262914841e-229,-2.505057642722365958e-169,-4.266900964340281947e-203,-8.564454407794954116e-116,-1.662591056095743754e-137,0.000000000000000000e+00,-3.332564520809838996e-284,-8.295568342673931284e-02,-1.980499656294672744e-166,-1.250468341178820608e-01,-3.379930173064100568e-263,7.957924547385455405e-01,3.150601800343885706e-02,2.948315970466268768e-02,-1.667363494034704297e-01,0.000000000000000000e+00,0.000000000000000000e+00,-4.711508708248338200e-86,-4.772606807877084894e-176,-3.447724604834741715e-201,0.000000000000000000e+00,0.000000000000000000e+00,-2.519734793790357375e-322,-5.353083426209577639e-137,-1.222845975617961236e-192,-3.549114593521131171e-273,0.000000000000000000e+00,-1.161529002712673632e-263,-1.294778519714147540e-206,-4.618757851138567612e-72,-3.308502674553896064e-183,-1.250522386039607248e-01
-1.056511950924437920e-01,-5.680513974819054401e-86,1.389848812095032526e-01,-1.211478736614557584e-188,-1.187086937171436702e-150,-1.565091717699086201e-178,-8.695072162945918781e-02,-8.692491059672342868e-02,-6.318735611713888261e-249,-6.609542969123787154e-150,-2.608748991196363498e-01,-5.160572202763197342e-192,0.000000000000000000e+00,-6.688488557192369139e-187,-3.369654755059040499e-168,-7.144361225249508278e-251,0.000000000000000000e+00,-1.017360229574312543e-225,-5.687597754484969203e-84,0.000000000000000000e+00,-2.323159933576136881e-211,-1.714762896900396317e-166,-1.304277327756635518e-01,-5.966039948342086514e-249,-6.375478738927401770e-108,-4.242500250630634237e-247,-4.347635235206178533e-02,-1.611821364989997649e-125,-1.886392124560126502e-83,-2.089690304114678387e-103,0.000000000000000000e+00,-3.618448218448088879e-222,-4.347556965053234190e-02,-5.210432731509016810e-141,-4.347550837148729530e-02,-2.233636047203290739e-143,3.045356371490280656e-02,7.009719222462202914e-01,6.133909287257019449e-02,-5.056895583086111175e-117,0.000000000000000000e+00,-7.255261237976025043e-303,-4.189886212086218612e-309,-1.071171799394295605e-216,-1.323461698729397537e-255,-5.531343023328794009e-200,-1.821965382737018763e-224,-2.701631967161151583e-165,-4.347547181143367190e-02,-1.046018009719649245e-229,-1.854835102049244957e-99,0.000000000000000000e+00,0.000000000000000000e+00,-3.013872274142882324e-91,-8.701709864375503645e-02,-4.026495022967701985e-72,-3.684558186964585817e-144
2.737597911227154235e-01,6.827676240208876979e-02,0.000000000000000000e+00,-2.687234522205261180e-265,0.000000000000000000e+00,-2.282932199516185821e-179,-1.213242421897140251e-318,-3.589904868461709640e-213,-1.333333358835449567e-01,-1.128105105208820786e-307,-2.836383842386874409e-77,-1.333333371272166223e-01,-6.666666794485491543e-02,-9.541545454376843159e-317,0.000000000000000000e+00,0.000000000000000000e+00,-1.827735403876859293e-214,-5.612181006202548323e-185,0.000000000000000000e+00,0.000000000000000000e+00,0.000000000000000000e+00,-1.125781140548997228e-171,-6.294778876809657445e-95,0.000000000000000000e+00,-3.999999861701420412e-01,-1.778636325028487559e-320,-2.230740726759793052e-243,-2.055892183824173611e-247,-1.333800652445653819e-251,0.000000000000000000e+00,0.000000000000000000e+00,-4.469484713103211319e-246,-7.645767731428065531e-242,-6.666666797450784832e-02,-6.008031684002468645e-201,-6.666666796427929420e-02,1.216710182767623966e-01,3.250652741514360039e-02,5.037859007832897751e-01,-2.320466676465780007e-311,0.000000000000000000e+00,-5.975964421506379919e-73,0.000000000000000000e+00,-8.429806760848279199e-293,-2.426874587756379980e-240,-3.069972106286791927e-212,0.000000000000000000e+00,-4.290535873055630121e-274,0.000000000000000000e+00,0.000000000000000000e+00,-5.043295641387233614e-244,0.000000000000000000e+00,-1.333333369354542108e-01,-8.628293445997520179e-216,-3.917282762958429876e-235,-1.325505803602900160e-178,-1.249815649541802665e-225
0.000000000000000000e+00,-1.147989986792883738e-219,0.000000000000000000e+00,-2.930774550588605720e-282,-2.324570486997465379e-01,6.830355928977349667e-02,-4.526513466670519347e-291,-2.554696082880366083e-289,0.000000000000000000e+00,0.000000000000000000e+00,-3.575364458615114134e-262,-2.999991578554215832e-01,-6.459542909188049930e-30,-1.549853146676428245e-177,0.000000000000000000e+00,-3.446138926291378571e-299,0.000000000000000000e+00,0.000000000000000000e+00,0.000000000000000000e+00,0.000000000000000000e+00,0.000000000000000000e+00,-1.832319460209014996e-192,-4.993046594841049144e-133,-1.137210051259816142e-246,-4.743823671748066461e-133,0.000000000000000000e+00,-1.856145132571560300e-194,-3.538437979780699594e-272,-4.936337757130277146e-81,0.000000000000000000e+00,0.000000000000000000e+00,-1.207688574247253692e-293,0.000000000000000000e+00,0.000000000000000000e+00,-2.133049375416247355e-318,0.000000000000000000e+00,-1.000035870215383732e-01,-2.999979925396160652e-01,-1.741768518701864645e-309,-1.591563302927233348e-178,0.000000000000000000e+00,0.000000000000000000e+00,8.029746852652472899e-01,3.004595263343937811e-02,3.113358892786252316e-02,0.000000000000000000e+00,0.000000000000000000e+00,-2.903216635085455187e-175,0.000000000000000000e+00,-7.760206952969562148e-193,0.000000000000000000e+00,0.000000000000000000e+00,0.000000000000000000e+00,-1.402765930837150827e-272,0.000000000000000000e+00,-3.547072853665195887e-126,0.000000000000000000e+00
-8.188229542846308716e-92,-1.785729975036430273e-01,-2.345678147691919264e-183,6.965620328849028708e-02,-2.211634712750795206e-244,1.332137518684603783e-01,-4.445050049917136639e-216,-4.771267107603343703e-127,-8.913955843821333343e-84,-1.327066007197454413e-191,-1.445397946645385967e-86,-1.428572888624516646e-01,-6.561247050877997453e-255,-1.216466930248150556e-266,0.000000000000000000e+00,-7.170246307617636721e-207,-3.295793666738943532e-229,-2.482951461898802294e-125,-4.637938523087497670e-308,0.000000000000000000e+00,-2.473438345407966543e-148,-1.428621976694147144e-01,-1.111196654247451885e-263,-1.813875897621294679e-250,-3.445663007723728834e-218,-1.525154932578929111e-264,-1.454945615015529000e-104,-3.683428546139253160e-220,-7.176744813521483449e-202,-9.194319676561006437e-124,-2.809492646739094522e-158,-1.381866822517225219e-173,-7.247011885266550294e-128,-1.133530432873871205e-299,-3.824111814409821052e-278,0.000000000000000000e+00,-4.795829214990367416e-271,-4.159923208212182555e-136,-1.781851602603669397e-96,-2.238496845100313613e-288,0.000000000000000000e+00,-2.743835040638840050e-115,3.031390134529148017e-02,7.048729446935725340e-01,6.194319880418534818e-02,-1.580183190367448678e-172,0.000000000000000000e+00,-6.084823758211637801e-109,-1.257203399651514786e-187,-1.260571513088347222e-125,-2.970659764343748845e-225,0.000000000000000000e+00,-4.321704263240040993e-245,-4.285645785653325324e-01,0.000000000000000000e+00,-1.587697808334117015e-89,-1.071429373991581169e-01
-7.537319748884189974e-155,-8.211333241259370994e-157,-2.842578999966454673e-62,2.827213822894168449e-01,6.774658027357811918e-02,-2.937299164085927191e-222,-1.161262768057133736e-191,-2.608785507039290307e-88,-1.415496253912162094e-142,-5.499611406661506655e-205,-2.192043053267628954e-190,-1.742838261087086715e-217,0.000000000000000000e+00,-5.946894983713158986e-272,-2.102209141552176275e-210,-4.761644317349844613e-02,0.000000000000000000e+00,-2.380794647954582177e-01,-4.584300694351510923e-221,-5.041433816215776493e-265,0.000000000000000000e+00,-2.597124155537233936e-197,-3.581654810675018933e-163,0.000000000000000000e+00,-5.549288614345494631e-189,-4.518344478471785057e-252,-8.993809939419615482e-52,-3.778395622095000955e-217,-4.761634786782788231e-02,-3.468538342059555363e-84,0.000000000000000000e+00,-9.523272591683494548e-02,-2.248072891529624397e-152,-4.952541346523605428e-312,-1.409389288452600051e-151,0.000000000000000000e+00,-1.428494506046981971e-01,-8.575245804359273717e-169,-1.523899105433798189e-276,0.000000000000000000e+00,-4.761634902255772878e-02,0.000000000000000000e+00,1.174226061915046859e-01,2.850971922246220425e-02,5.035997120230381041e-01,-3.458459520888725809e-323,-3.932686617350286147e-280,-6.729990847289559774e-177,-3.957662966705315436e-285,-8.216420096036091351e-280,-3.199812696831312355e-317,0.000000000000000000e+00,-1.663950041898008088e-99,-9.120646803225408831e-222,-2.720938300267123553e-270,-3.809892186191244923e-01,-5.563816321018405279e-259
1.960297766749379555e-01,7.331378299120235031e-03,5.977893074667268644e-03,-7.697088904062268644e-02,-2.071520891469677364e-185,-4.611980980706376076e-01,-3.365311568988828732e-250,-2.370556456396647749e-01,6.835100383487480169e-02,-2.451834290402213183e-136,-4.750851891127193541e-219,-4.720332704442230610e-284,-1.235164114603116360e-322,-4.282585242896663717e-208,-7.040693220540058668e-177,0.000000000000000000e+00,0.000000000000000000e+00,0.000000000000000000e+00,-7.697148765972763873e-02,0.000000000000000000e+00,-5.135812388519757827e-320,2.016692984434919900e-01,6.541845251522670872e-03,8.346492217459960256e-03,-4.900365730760040002e-248,-5.331279061983687931e-229,-2.768193008367279066e-283,-3.767453639446219961e-254,0.000000000000000000e+00,0.000000000000000000e+00,0.000000000000000000e+00,0.000000000000000000e+00,0.000000000000000000e+00,2.026844123618317117e-01,7.331378299120235031e-03,5.977893074667268644e-03,2.027972027972027858e-01,9.248815700428604514e-03,6.880216557635912902e-03,0.000000000000000000e+00,-1.571741749864704732e-245,0.000000000000000000e+00,-1.904486302660620534e-167,-6.642933919948694221e-193,0.000000000000000000e+00,0.000000000000000000e+00,-7.697148617630880651e-02,-3.664139049252436746e-319,-3.127942316469831378e-201,-3.662557332647858324e-292,-4.022261966548748486e-283,0.000000000000000000e+00,0.000000000000000000e+00,-1.432141130957629069e-198,0.000000000000000000e+00,-5.884199903258245335e-197,-2.275199878604666433e-268
5.998080614203454841e-03,1.789827255278310936e-01,1.367562380038387683e-02,-5.353246341851244927e-02,-5.408306981765152038e-02,-4.795837206406731600e-247,7.269673704414587878e-02,-3.949322481359405389e-05,1.314779270633397446e-01,-1.892822539399236503e-01,-2.430795089648463444e-162,0.000000000000000000e+00,-2.182457915089397976e-143,-6.638056806746907784e-302,-2.063796754270931375e-44,-7.219824066805293238e-216,-4.266369560258903691e-210,-1.081484429251744900e-01,-9.400097552469369056e-192,0.000000000000000000e+00,-1.825035172707315194e-159,6.717850287907869457e-03,1.789827255278310936e-01,1.367562380038387683e-02,-2.248175715633340732e-108,-1.136425405383276772e-187,-1.453666039199166276e-87,-1.595154217435041174e-213,-2.706854722270017263e-02,-2.446094825142671944e-63,0.000000000000000000e+00,-1.596410228111670069e-200,-1.312902772736901949e-248,7.917466410748559905e-03,1.770633397312859902e-01,1.751439539347408869e-02,9.117082533589251220e-03,1.698656429942418389e-01,1.631477927063339564e-02,-1.349878693321203000e-230,0.000000000000000000e+00,-1.351674287739526026e-01,-1.548820409058500448e-209,-3.256876581472803651e-280,-3.531460929159658881e-169,-2.704144366812209418e-02,-2.989730162620546292e-119,-1.702201892484071316e-163,-1.782736902343920022e-75,-1.622870708395733330e-01,-2.494537476009295803e-198,0.000000000000000000e+00,-5.408291184189736867e-02,-1.285026719447704467e-35,-2.704141742207669813e-02,-1.622254569056020002e-01,-1.590223553530410368e-178
2.880658436213991841e-02,4.997060552616108473e-03,1.278659611992945255e-01,-3.093481126900545044e-246,-1.204459421389156984e-146,-3.386820002241745060e-320,2.757201646090535196e-01,7.319223985890652151e-02,-9.090925851701824045e-02,-5.229066908123406617e-199,-1.815007501274801524e-164,-1.114428080214650184e-187,-9.090723674807496546e-02,-2.905866644219213624e-167,-2.049461936475006020e-158,-1.776758773444073315e-242,-3.821028101060269033e-278,-3.486652283825661705e-196,-1.061802263949667467e-184,0.000000000000000000e+00,-6.724919897675282689e-262,3.262786596119929272e-02,-3.562883899829991652e-01,1.308054085831863722e-01,-1.625045428492137762e-121,-4.054617388572296489e-252,-1.067975242237271280e-288,-9.090772932313410937e-02,-3.322017825460165370e-163,-4.545463652979902375e-02,-4.545445758342154391e-02,-4.156417703490813554e-244,-3.129823386525358018e-192,2.910052910052909891e-02,7.054673721340387615e-03,1.175778953556731315e-01,3.145208700764256377e-02,-2.656749991344829476e-01,1.263962375073486299e-01,-2.234168097288997010e-158,-1.189642475372933842e-193,-4.233838922431447442e-195,-7.280300204998351843e-228,-3.018288476838759326e-157,0.000000000000000000e+00,-1.297496753635405779e-242,-6.042584165602256723e-156,-6.139320674406636296e-200,0.000000000000000000e+00,-5.813589963361062562e-147,-9.621334536349278241e-43,0.000000000000000000e+00,-2.464907709586701457e-176,-6.139770663677096465e-115,0.000000000000000000e+00,-2.101541256153254844e-178,0.000000000000000000e+00
-4.890482982270188688e-205,-1.759199649848835534e-110,-2.241440328624539248e-180,8.019039847681218580e-01,2.986536107711138324e-02,2.991976064191486512e-02,0.000000000000000000e+00,-4.762265554502862624e-02,-4.864025149795274311e-239,-4.301407318359395601e-233,6.987624099007208600e-02,6.843465252277981803e-02,0.000000000000000000e+00,-1.483443127944784341e-236,-7.795373793563517093e-264,-4.534811864416241525e-269,-4.761799171116047613e-02,-1.192021108389015185e-244,-6.114804143120947605e-273,0.000000000000000000e+00,-9.306018846050904710e-294,-1.420137668457555484e-64,-1.806225384201018495e-126,0.000000000000000000e+00,-6.596021194662698360e-139,0.000000000000000000e+00,-1.904712817615577536e-01,-7.346113868319742491e-319,-2.804947433900471302e-97,0.000000000000000000e+00,-4.270101261363552066e-145,-3.231388550414398967e-147,-3.041013773030798116e-316,-3.089953661721987038e-249,-5.588466448192485126e-242,0.000000000000000000e+00,-2.823294908846811991e-203,-7.955940985201865193e-286,-2.380850315295143238e-01,-7.324247295580764363e-286,0.000000000000000000e+00,-1.736307268851158260e-232,-1.904741375007614756e-01,-5.787643451480958379e-154,-1.195638862935816637e-321,-1.389076937198902467e-272,-2.813789485053291689e-73,-1.904928912986479927e-01,-6.531927410953225746e-34,-5.373943660804490932e-94,-7.394157271412109654e-268,0.000000000000000000e+00,-9.523601065332931714e-02,-2.302164231869572476e-127,-2.888405555198799668e-216,-4.039250681503776986e-120,-3.421134937299930291e-183
-4.072022417548726487e-229,-2.885125731595258358e-267,-2.256639526681057803e-309,3.132030787448194381e-02,6.972172883362937057e-01,6.062759029011249162e-02,-3.502474459444347393e-130,-8.136656186885868778e-123,-2.112411905145169176e-97,7.015985790408525713e-02,-1.466773387623769650e-228,1.406749555950266295e-01,-7.403486673933078938e-148,-3.102821360232718517e-252,-3.602109126231131637e-146,-1.084161837994039879e-156,-9.736040317406435372e-293,-1.574156652365377030e-230,-7.141599538890110177e-02,0.000000000000000000e+00,-6.839670343934118460e-112,-4.856615562945560155e-209,-5.404831495167234576e-182,-2.369006827573470900e-180,-9.772367724780742539e-109,-2.110332591577363292e-54,-9.984843441418578815e-09,-7.761193404691065274e-239,-2.852603282151362006e-174,-8.718997308879935959e-186,0.000000000000000000e+00,-2.820762718226402954e-221,-3.575802275096182092e-02,-1.785388131228698716e-01,-3.751106689998581142e-231,-1.048063145524834006e-205,-2.616730633636517693e-182,-4.177629308958737957e-121,-1.777468285378749069e-01,-3.199550291205515345e-200,0.000000000000000000e+00,-1.357280689062577798e-248,-1.071243562131830723e-01,-2.110750572959420404e-111,-4.997379495985545554e-181,-7.141812904576767818e-02,-2.041639592331447853e-299,-7.221441942189095464e-02,-7.141594041940847737e-02,-4.044406338863364355e-47,-1.428318786419337794e-01,0.000000000000000000e+00,0.000000000000000000e+00,-6.650165762243659172e-209,-1.192817511288062778e-210,-7.153560647236494041e-02,-5.990964960024868313e-171
-1.306976645888198186e-252,-3.167782972497486686e-130,-2.831640366134810956e-181,1.203007518796992414e-01,-2.327991392986669128e-01,4.982266988225280135e-01,-3.071503933383235675e-272,-3.673513933685579880e-01,-1.201517819372274166e-262,2.815292949354518126e-01,6.958433820400056202e-02,-6.021922990856022999e-256,-1.566402477430943195e-69,-1.016609837251420020e-209,0.000000000000000000e+00,-1.262172320982617933e-312,-1.394423890364288031e-79,-4.940656458412465442e-324,-6.880470460457150663e-156,0.000000000000000000e+00,-3.579383008842987470e-248,-1.207361256805055863e-151,-2.164516817025696506e-264,-8.351249907914432942e-237,-5.344490798367188576e-135,-1.311136843419148529e-231,-6.791799471340530331e-59,-6.963677289801240628e-252,-2.586085675420305789e-102,-1.316268020912148821e-16,0.000000000000000000e+00,-2.819808303511429486e-210,-2.108753348852677928e-194,-1.446079828056534302e-107,-1.234516547207703051e-314,0.000000000000000000e+00,-1.063349040218284636e-01,-1.902751964434596566e-233,-1.977893966531556426e-26,-2.576047833139641850e-184,0.000000000000000000e+00,-2.744656535617772795e-210,0.000000000000000000e+00,-4.196217355983925828e-255,-1.578908132639718354e-01,-1.052648338886526813e-01,-8.765166496711222515e-292,-1.671567517873496960e-15,0.000000000000000000e+00,-1.795023167226639450e-106,-2.448734830564555634e-161,-2.030422194061411564e-293,-2.443017468790357575e-230,-3.825590883653833928e-107,0.000000000000000000e+00,-6.635607884917964219e-167,0.000000000000000000e+00
-6.322974487547721092e-192,-6.250217317861755939e-02,-1.257071278457311512e-91,0.000000000000000000e+00,-1.274962883838767197e-51,-1.802631907689446885e-316,-6.461034113892962062e-87,-6.249989271890791370e-02,-4.617953166129404563e-96,-4.163665215940661826e-310,-4.459363392653872953e-51,0.000000000000000000e+00,0.000000000000000000e+00,6.846699399890888993e-02,6.985815602836879801e-02,-2.141422479488492819e-151,0.000000000000000000e+00,-6.249991493756001937e-02,-5.042332048180302634e-281,-6.249987471992755200e-02,0.000000000000000000e+00,-2.787167289282342556e-112,0.000000000000000000e+00,0.000000000000000000e+00,-3.874101584916397982e-191,-1.250004602105989349e-01,-1.884226129382776054e-217,0.000000000000000000e+00,-4.374965256628476351e-01,0.000000000000000000e+00,0.000000000000000000e+00,-1.605879904818267989e-206,-6.250140913378190999e-02,-2.495743007852023123e-298,0.000000000000000000e+00,-1.249997494377584756e-01,-1.069335530160685722e-200,-2.433033236037834032e-48,-5.852615730744823856e-75,8.009274413529732239e-01,2.962356792144026085e-02,3.112384069830878217e-02,0.000000000000000000e+00,-1.233898290637483952e-286,-4.940656458412465442e-323,-3.964317891173489148e-315,-2.264560575784076876e-211,-6.053558978458021680e-86,0.000000000000000000e+00,-1.120680186421456417e-249,-6.399902585951443880e-266,0.000000000000000000e+00,0.000000000000000000e+00,-1.801352987856960054e-166,-7.493878688193206624e-289,-8.984589123554979962e-288,-5.232769701768944736e-109
-8.333377148031606563e-02,-1.416137393235217506e-166,0.000000000000000000e+00,-8.333295897766995752e-02,-9.786187894343680253e-283,-9.293116057697388398e-198,-3.260948723731298371e-37,-2.438493931279236740e-249,-2.157285894723828291e-288,-1.198923132683856686e-193,-2.251022696929937840e-254,0.000000000000000000e+00,7.070826907106418646e-02,0.000000000000000000e+00,-1.096503622656123111e-01,-8.631784102758634118e-113,-1.186009682163250177e-233,-1.162970020282864799e-296,-9.070217569346581462e-237,0.000000000000000000e+00,-1.275043493925703028e-174,-1.797940075782455479e-169,-4.163539342581042533e-262,-5.230487226484974048e-231,-4.752018927825763585e-163,-4.949819043234559610e-149,-1.617968888780508328e-163,-1.666668202430168222e-01,-5.337674964408996999e-311,0.000000000000000000e+00,0.000000000000000000e+00,-1.666669167644181937e-01,-2.141164159309439404e-244,-8.977895004579823772e-163,0.000000000000000000e+00,0.000000000000000000e+00,-8.418560916638344674e-273,-9.209214575282101108e-239,-8.333347771320132047e-02,2.977814687388776957e-02,6.987187092181753600e-01,6.044607901293154451e-02,-1.508842587846711357e-212,-1.866978988968712781e-193,0.000000000000000000e+00,-1.666668967318241656e-01,0.000000000000000000e+00,-1.796866289054954311e-153,-4.610363016606322512e-307,-1.378089997626105035e-310,0.000000000000000000e+00,-6.112864666254042999e-233,0.000000000000000000e+00,-6.087945405007302145e-258,0.000000000000000000e+00,-8.300901394090744073e-108,0.000000000000000000e+00
-1.227859292746335301e-29,-1.758617332279986937e-79,-9.533562269063776322e-216,0.000000000000000000e+00,0.000000000000000000e+00,-1.034356999993713229e-183,0.000000000000000000e+00,-5.556656397924876478e-02,-2.563788977212223148e-185,-3.385206056273509526e-170,0.000000000000000000e+00,-9.631270540840555317e-228,2.853634577603143541e-01,7.058658433904013707e-02,-1.110822250246116388e-01,-5.555674173969459700e-02,-6.455017069480470224e-319,-1.748280734691034627e-210,0.000000000000000000e+00,0.000000000000000000e+00,-4.710464434155405681e-312,-1.472066330829837954e-275,-1.496461284357937610e-301,-5.555675956711381147e-02,-5.445141392933051009e-209,-3.143459226242232861e-295,0.000000000000000000e+00,-3.569801590304730116e-227,-2.191607008017949889e-140,-7.180277921184980695e-289,0.000000000000000000e+00,-1.380690668338800224e-303,0.000000000000000000e+00,-3.605795014205083833e-243,0.000000000000000000e+00,-1.346811391573921754e-194,-9.073369769567457814e-281,-2.777864410685971785e-01,-7.884021338994816307e-203,6.140915854178709971e-02,2.968004490597810768e-02,4.974038731406118519e-01,0.000000000000000000e+00,-9.753060326805953974e-162,0.000000000000000000e+00,-8.575508222666454461e-190,-2.536524140744777747e-214,-1.588564330416901601e-318,0.000000000000000000e+00,-2.564980850111961250e-205,0.000000000000000000e+00,0.000000000000000000e+00,-2.777813647362833427e-01,-3.493198102543630816e-136,-3.139250023743320802e-273,-1.529992430729747237e-128,-1.111130225721820436e-01
-9.881312916824930884e-324,0.000000000000000000e+00,-1.818181817803216360e-01,0.000000000000000000e+00,-3.636363636406393929e-01,-7.611676398224935267e-192,0.000000000000000000e+00,-1.818171194944882274e-01,-3.611944967073995860e-216,0.000000000000000000e+00,-1.615119767648107737e-248,0.000000000000000000e+00,8.006244180314400216e-01,2.944076244728049616e-02,2.946814920304540592e-02,0.000000000000000000e+00,7.079476365229775414e-02,6.967190666593635340e-02,-1.788707995129345438e-265,0.000000000000000000e+00,0.000000000000000000e+00,-2.243359112471054776e-249,0.000000000000000000e+00,0.000000000000000000e+00,0.000000000000000000e+00,0.000000000000000000e+00,0.000000000000000000e+00,-4.539571020127781561e-213,-2.198403098837570539e-247,0.000000000000000000e+00,0.000000000000000000e+00,-2.820402032696930907e-221,0.000000000000000000e+00,-9.090909086487106161e-02,0.000000000000000000e+00,0.000000000000000000e+00,-9.090909088212544009e-02,-1.925095750267113355e-234,-9.091015333755421424e-02,0.000000000000000000e+00,0.000000000000000000e+00,0.000000000000000000e+00,-9.881312916824930884e-323,-1.562291612977982283e-239,0.000000000000000000e+00,-1.210932157903734845e-312,0.000000000000000000e+00,-5.613790683481993486e-208,0.000000000000000000e+00,-3.511566463507848723e-142,0.000000000000000000e+00,0.000000000000000000e+00,0.000000000000000000e+00,-6.777605544123211636e-149,-8.686131027542621458e-95,-2.995830534391202861e-188,0.000000000000000000e+00
-5.882288753743680765e-01,-4.770533319652720922e-184,-2.485745395364270206e-313,0.000000000000000000e+00,-5.882353678698470228e-02,0.000000000000000000e+00,-2.368169788544426233e-265,-2.982272008216818003e-239,0.000000000000000000e+00,-1.432987985313257952e-220,-1.231506134401351752e-241,-3.745663240183892101e-61,2.858155190740522059e-02,7.020196055273414393e-01,5.804889571276721644e-02,6.991850714538797029e-02,-1.716284753285648756e-248,1.414314397070981499e-01,-4.753012125702814800e-290,0.000000000000000000e+00,0.000000000000000000e+00,0.000000000000000000e+00,0.000000000000000000e+00,0.000000000000000000e+00,-1.711750938085604531e-184,0.000000000000000000e+00,-1.136495440043016301e-297,0.000000000000000000e+00,-5.882387493342555729e-02,-1.189021517131836888e-245,0.000000000000000000e+00,0.000000000000000000e+00,-1.176474383418969621e-01,-5.882209342520484940e-02,-1.467967846923511732e-319,0.000000000000000000e+00,-3.919644439316520021e-272,-1.804896990313988485e-189,0.000000000000000000e+00,-1.768254376828592443e-288,0.000000000000000000e+00,0.000000000000000000e+00,-1.572546941049809496e-314,0.000000000000000000e+00,0.000000000000000000e+00,0.000000000000000000e+00,-5.882372719250690551e-02,-2.063800759474913172e-243,0.000000000000000000e+00,-2.841753318134403527e-310,-2.587751912390866898e-221,0.000000000000000000e+00,0.000000000000000000e+00,-1.527886215637589046e-201,0.000000000000000000e+00,-5.883045394561305791e-02,0.000000000000000000e+00
-3.040433536521545918e-121,-2.837886193562325080e-83,-5.550248180402501952e-02,0.000000000000000000e+00,-3.889103037276006591e-01,-2.341895790657648550e-178,-2.549542912317608207e-65,-7.020602699076387046e-187,-7.166915902268838911e-255,-1.848681551966648864e-181,-1.471857423804863345e-237,-4.216758368716468036e-283,1.192094750858504471e-01,2.684140444319854310e-02,5.092858644614198793e-01,5.634124270863088979e-02,6.608732216693531669e-02,0.000000000000000000e+00,-3.271032307030482309e-130,0.000000000000000000e+00,-1.853523991598503237e-182,-6.812968692093100239e-54,0.000000000000000000e+00,-3.231905020314227610e-265,-9.185502155340731315e-252,-2.548005984330628952e-283,-1.666762666546915128e-01,-1.666762566797177769e-01,-4.026228156405082460e-147,-9.396402093444845929e-264,0.000000000000000000e+00,-9.491556117958098172e-86,-1.859550924206106082e-279,0.000000000000000000e+00,-1.695000579604524667e-276,0.000000000000000000e+00,-4.586843477090219419e-312,-7.104582326050918081e-314,-7.230059259855010674e-146,-3.060043332833534566e-296,0.000000000000000000e+00,-9.438586939548818919e-221,-1.668410279441305455e-319,-1.970296332753111114e-283,0.000000000000000000e+00,-6.181268450626364799e-145,0.000000000000000000e+00,-2.055671136430277659e-137,0.000000000000000000e+00,-5.996904961408811981e-249,0.000000000000000000e+00,0.000000000000000000e+00,-2.362022261951724388e-177,-3.106382510180450028e-77,-5.699912529343585798e-277,-2.695558111313381764e-48,-4.874459897471236516e-301
-4.045334483545590891e-174,-2.776528079623881151e-01,-8.817493662228603462e-281,0.000000000000000000e+00,-7.650542481389929309e-165,-1.813494660630413286e-106,-1.138659395407391241e-52,-9.783310891654380064e-170,-2.189204210108216301e-166,-4.934222012991556308e-164,-2.790585727716822856e-40,-1.715511286628608422e-190,-4.406518126860801180e-184,-2.639260979701131522e-215,-4.026786805189488891e-226,-1.069027969127436834e-215,-5.553025895923663358e-02,-8.753310417833804723e-237,-2.186818985685572328e-221,7.008798452779821386e-02,6.935251014682247694e-02,-7.717837031422244786e-166,0.000000000000000000e+00,-5.553025327434808062e-02,-3.864984492259817259e-111,-1.110605077364775345e-01,-5.236085724730966262e-179,-2.397945880208408547e-268,-5.389283406810387802e-217,-3.160440934812969329e-159,0.000000000000000000e+00,-1.991200582043385614e-150,0.000000000000000000e+00,-2.748942232155987230e-315,-1.110605041694441991e-01,0.000000000000000000e+00,-9.700872085209386481e-228,-2.286679220829768326e-114,-1.665907347844332587e-01,-2.269452093805304192e-273,0.000000000000000000e+00,0.000000000000000000e+00,-1.511691537884168450e-207,-4.550259572747895662e-133,-5.553038206722763631e-02,0.000000000000000000e+00,0.000000000000000000e+00,-8.355540494978338824e-221,-2.470328229206232721e-323,-1.439885912802572490e-120,-1.670445510464445837e-01,0.000000000000000000e+00,0.000000000000000000e+00,-2.415134309407947230e-30,8.006319631718014085e-01,2.971861294979706233e-02,3.020892920378088348e-02
0.000000000000000000e+00,0.000000000000000000e+00,0.000000000000000000e+00,0.000000000000000000e+00,0.000000000000000000e+00,0.000000000000000000e+00,0.000000000000000000e+00,-5.000000001018634066e-01,0.000000000000000000e+00,0.000000000000000000e+00,0.000000000000000000e+00,0.000000000000000000e+00,0.000000000000000000e+00,0.000000000000000000e+00,0.000000000000000000e+00,0.000000000000000000e+00,0.000000000000000000e+00,0.000000000000000000e+00,7.068359258597055328e-02,0.000000000000000000e+00,1.421419631682460105e-01,0.000000000000000000e+00,0.000000000000000000e+00,0.000000000000000000e+00,0.000000000000000000e+00,0.000000000000000000e+00,0.000000000000000000e+00,0.000000000000000000e+00,0.000000000000000000e+00,0.000000000000000000e+00,0.000000000000000000e+00,0.000000000000000000e+00,0.000000000000000000e+00,0.000000000000000000e+00,0.000000000000000000e+00,0.000000000000000000e+00,0.000000000000000000e+00,0.000000000000000000e+00,0.000000000000000000e+00,0.000000000000000000e+00,0.000000000000000000e+00,-4.999999998981365934e-01,0.000000000000000000e+00,0.000000000000000000e+00,0.000000000000000000e+00,0.000000000000000000e+00,0.000000000000000000e+00,-2.092520390681088734e-197,0.000000000000000000e+00,0.000000000000000000e+00,0.000000000000000000e+00,0.000000000000000000e+00,0.000000000000000000e+00,0.000000000000000000e+00,3.116991477442040623e-02,6.957506406818045885e-01,6.025388878955837552e-02
-4.268053484590337342e-217,-1.869020814103460622e-144,-9.423942876281470388e-241,0.000000000000000000e+00,-7.868812621613904718e-159,0.000000000000000000e+00,0.000000000000000000e+00,-9.940990262957918211e-184,-1.862326538105956926e-95,-7.142642958666599318e-02,-4.285743017264088683e-01,-7.142867578187302169e-02,0.000000000000000000e+00,-1.467659538634847144e-194,-8.114568387320773172e-237,-9.833434974168259540e-301,-7.779071981326185359e-281,0.000000000000000000e+00,2.807029876977152894e-01,6.917398945518453413e-02,-3.498743797697977605e-274,-3.355734928876036546e-44,0.000000000000000000e+00,-2.142860259567744563e-01,-2.221106949918094161e-211,0.000000000000000000e+00,-5.634335866339649820e-197,-1.220538294853361731e-268,0.000000000000000000e+00,0.000000000000000000e+00,0.000000000000000000e+00,0.000000000000000000e+00,0.000000000000000000e+00,-3.951812073048647415e-245,-7.142810707419340599e-02,0.000000000000000000e+00,-5.444184196251580315e-273,-5.820965894506594366e-161,-9.098490793352417715e-265,-1.278536392608072465e-23,0.000000000000000000e+00,0.000000000000000000e+00,-1.428564598740842406e-01,-3.861466880051745618e-173,-1.142573047029101621e-129,-2.569412009738693722e-192,-3.489535839432720199e-224,-1.495613760270445701e-76,0.000000000000000000e+00,-8.400347510107645799e-243,0.000000000000000000e+00,0.000000000000000000e+00,-1.779835173075472457e-303,-1.967845645768385332e-133,1.177504393673110689e-01,3.156414762741652225e-02,5.008084358523725577e-01
-6.411624326312653546e-272,-2.454143803375405919e-120,-8.950718230180327347e-266,-1.542218168499802217e-285,-1.785199888961075145e-115,-5.242136012549622168e-132,-6.931247016156989231e-24,-1.562098096581892026e-01,-1.295828105195767245e-241,-8.482922266930031480e-181,-2.947712875863952114e-62,-1.481605058908592138e-232,-1.409883949824123147e-210,-6.794334451090395136e-266,-8.182610414959541765e-164,-6.764221978277872528e-76,-4.731356938625904385e-178,0.000000000000000000e+00,-2.612482266386480688e-164,-3.251031134640270404e-157,-5.553289450792334089e-197,-1.367419386481162508e-117,6.918573709419904849e-02,7.131452900478978119e-02,-3.748017751625064564e-01,-2.353032270920096112e-55,-6.247983985615994863e-39,-4.605247840510475502e-189,-2.108437379134417138e-141,-3.638490134271877161e-186,0.000000000000000000e+00,-5.146701609478242463e-156,-1.150481136944148519e-228,3.966648926734078207e-01,1.383714741883980762e-02,1.711903494766719991e-02,3.999467802022352303e-01,1.649813730707820614e-02,1.543374135178286408e-02,-3.353056543932257773e-191,0.000000000000000000e+00,-9.631622573535924758e-248,-5.258489874488562271e-205,-1.340031385299543615e-38,-1.993684096528168843e-122,-9.577700790999803292e-166,-1.225892617084555521e-137,-2.009023344781639629e-112,-7.501796230064553453e-254,-7.359997653050102713e-166,-9.251375193322984472e-228,0.000000000000000000e+00,0.000000000000000000e+00,-6.285287925603563752e-02,-1.874300793117270603e-01,-2.187054566115416987e-01,-8.013238854149230401e-291
-5.078896370803393653e-206,-9.139288839049381001e-188,-2.631575395090247627e-01,-8.819084106192245844e-314,-1.317074198739127568e-267,-1.366037164995056512e-67,-2.546061972406355717e-195,-3.439924739288221235e-245,-7.231994635375041830e-96,-7.291377599984852363e-153,0.000000000000000000e+00,-1.695372352767079855e-236,-2.455563093964969152e-293,-3.849585788735456497e-294,-1.122262031335670453e-258,-9.791487971732746691e-270,-5.810338068531228334e-279,-7.308361779359326340e-216,-1.141907840566772720e-316,0.000000000000000000e+00,0.000000000000000000e+00,7.408105560791705679e-02,-1.107543523876601013e-244,1.404335532516493845e-01,-1.301499255771549067e-211,-3.366801901639009966e-292,-1.578958282775433375e-01,-1.348067335922829820e-177,-2.613783943546469918e-245,-1.226716579659667314e-218,-8.201995405623483012e-206,-1.521465896503159161e-279,-1.012499981495905538e-209,1.300659754948162161e-02,3.487276154571159470e-01,2.752120640904806917e-02,1.357210179076343004e-02,3.472196041470311245e-01,3.543826578699340452e-02,-7.497958453832266327e-233,0.000000000000000000e+00,0.000000000000000000e+00,-8.116154602485640244e-297,-8.953117670260975086e-265,0.000000000000000000e+00,0.000000000000000000e+00,-2.105260311281948460e-01,-3.684206010852369984e-01,-8.316331472343141114e-154,-3.906537460841952078e-246,-1.333977243771365669e-322,-1.842679678656803294e-120,-4.264492418534747832e-222,-1.484719442649852982e-134,0.000000000000000000e+00,-2.540203494275866621e-204,-8.943021942095183387e-215
-1.040703120199365730e-274,-3.846850681584745321e-274,-1.752795923478911082e-314,-1.240290761892987519e-162,-1.092621065952955142e-189,-1.338705768041191204e-132,0.000000000000000000e+00,-1.428643721949330037e-01,-7.540946366345546963e-72,0.000000000000000000e+00,-6.111373301199903591e-212,-7.409222960338810627e-294,-1.428570624761744401e-01,-1.435629785322094882e-272,-5.898599992510053968e-217,-3.042614071156953819e-226,0.000000000000000000e+00,0.000000000000000000e+00,-4.121989683253519918e-319,0.000000000000000000e+00,-7.142853434238223553e-02,2.019978456882048912e-01,7.269381182424661247e-02,0.000000000000000000e+00,-6.420021613765283180e-73,-3.486999382503949023e-314,-2.474747410958432103e-274,-1.426581814726407195e-174,0.000000000000000000e+00,0.000000000000000000e+00,-7.142853426675190021e-02,0.000000000000000000e+00,-9.720135526200070123e-238,5.912123303427651438e-02,1.679319070623418522e-02,2.502875546353807157e-01,5.567057740970784291e-02,1.794340924775707224e-02,-3.164351197474873922e-02,-7.428086503379705837e-156,0.000000000000000000e+00,0.000000000000000000e+00,0.000000000000000000e+00,-6.908876185485902674e-280,-2.167718952038285676e-294,-7.968640081383466823e-244,0.000000000000000000e+00,-1.806154540467629225e-293,-4.107676993819168155e-137,0.000000000000000000e+00,0.000000000000000000e+00,-7.142853427090958829e-02,-2.735836034061731347e-259,-8.880863267740921149e-193,-1.913289450824918735e-268,-7.142853723625401663e-02,-7.142853578365394862e-02
2.307160495005927403e-01,1.255323918403945284e-02,9.302846895314952416e-03,-9.246410862388293771e-211,-8.422211152523691156e-70,-6.530773685539469856e-170,-2.732370549487329283e-149,-3.705823977711299178e-02,-1.585176957941431911e-231,-1.681946210026447488e-71,-1.158476487365124652e-148,-6.100447507649237937e-164,-1.895737187047959207e-112,-1.694601138010926396e-265,0.000000000000000000e+00,-9.402523895921954255e-183,-3.334030434182986835e-01,-4.662870810770013493e-98,-7.336772796574766298e-166,0.000000000000000000e+00,-2.105618358355532681e-185,-2.768427142522183266e-51,-7.260942097851698533e-163,0.000000000000000000e+00,-2.987724172088024150e-48,6.646491817978031347e-02,3.300456105927688372e-02,-6.644115036500689849e-252,-6.092660949386294379e-139,-3.728492379902439675e-288,0.000000000000000000e+00,-2.068326929760690391e-123,-4.399694700902598249e-150,2.701188074422775087e-01,1.053575431517597000e-02,9.527011880744227709e-03,2.628334454158260391e-01,9.527011880744227709e-03,1.154449674960771055e-02,-2.963510224422923334e-01,0.000000000000000000e+00,0.000000000000000000e+00,0.000000000000000000e+00,-2.011496391231989000e-109,-3.703787215037598196e-02,-5.547136004941136429e-218,-1.481853080015381463e-01,-3.786845657480384966e-124,-7.385315370098713835e-218,-6.395153999972686625e-146,-7.409265671376184803e-02,-4.933619742770667840e-288,-5.039751846482557719e-75,-1.304711794444372275e-200,-2.427302087402913851e-119,-1.887288813444357617e-130,-6.657450297020407526e-167
8.505467800729039560e-03,2.415552855407047395e-01,1.725394896719319518e-02,-3.450052958422561271e-233,-3.808124295031497641e-164,-1.127929096544181073e-172,-1.288369602304163375e-266,-1.443609484705568371e-252,-2.779462221108383035e-01,-6.243731477046527832e-316,-2.755547311611782241e-70,-4.912570709637642038e-281,-4.397459673462676625e-191,-7.553146793110169088e-219,-2.207798414346469542e-227,-2.318994499287574664e-276,0.000000000000000000e+00,0.000000000000000000e+00,-3.891261422284327809e-01,-4.339740571440947924e-265,0.000000000000000000e+00,-3.480847670775479865e-178,-2.223757989152266916e-192,-3.441129037638571734e-241,7.168894289185905044e-02,-6.084255920462721089e-315,1.358444714459295377e-01,-2.692652819401105263e-272,-1.049955112027749278e-162,-3.399682715540826440e-178,0.000000000000000000e+00,-2.964393875047479265e-323,-2.211544634468655433e-173,8.991494532199271680e-03,2.422843256379100807e-01,1.895504252733900413e-02,8.748481166464155620e-03,2.325637910085054660e-01,1.360874848116646468e-02,-1.890436021950560796e-134,0.000000000000000000e+00,0.000000000000000000e+00,-3.486634345872117140e-249,-2.223587912603786909e-01,0.000000000000000000e+00,-3.402393195831761784e-276,0.000000000000000000e+00,-3.513787966864971923e-97,0.000000000000000000e+00,-2.923116941694892608e-270,-2.705574163765459424e-183,0.000000000000000000e+00,0.000000000000000000e+00,-2.916863403351202202e-148,0.000000000000000000e+00,-1.105688444003502524e-01,0.000000000000000000e+00
3.650884198516828050e-02,9.982886480319452457e-03,1.540216771249287020e-01,-7.269822796947730377e-195,-8.368726380383769539e-141,-2.401440228044986373e-284,-9.283459071772602460e-258,-1.861877452677493444e-82,-1.642481816179639061e-285,-1.027116719994296840e-51,-2.452084054702672418e-221,-1.176468289970134667e-01,-7.160287836213193565e-242,-5.882475281008656826e-02,-1.978262052327569910e-212,-7.427550588109099072e-235,-8.463270957121100611e-261,-1.560514857974627667e-86,0.000000000000000000e+00,0.000000000000000000e+00,0.000000000000000000e+00,-3.845840469041035004e-152,0.000000000000000000e+00,0.000000000000000000e+00,2.826583000570450643e-01,1.647606421687779210e-02,-7.167653707728025132e-211,-9.052092205179626509e-136,-6.464757599916102032e-235,0.000000000000000000e+00,-1.764702413932495995e-01,-1.655707637603463711e-154,-2.267050113727616125e-192,3.736451796919566803e-02,9.982886480319452457e-03,1.708499714774671940e-01,4.335424985738733916e-02,7.130633200228180327e-03,1.728465487735310890e-01,-1.163378166257727018e-148,0.000000000000000000e+00,-1.176475726557704854e-01,0.000000000000000000e+00,-2.352936304347554020e-01,-4.658690106754262158e-254,-2.352935513315926597e-01,0.000000000000000000e+00,-2.033307966090928988e-206,0.000000000000000000e+00,0.000000000000000000e+00,0.000000000000000000e+00,0.000000000000000000e+00,0.000000000000000000e+00,-4.391149821806101868e-238,-3.318843556041787984e-166,-4.053795225892182071e-173,-3.473013339130797876e-291
-3.285437731715121269e-319,-1.505972954432143524e-303,-5.449859343052925573e-245,-6.452885454052576034e-254,0.000000000000000000e+00,-4.779129299503286284e-260,-6.491034023742988278e-314,0.000000000000000000e+00,-1.398069914427671777e-153,-2.525245710748271287e-179,-1.435639536532225380e-214,-1.114135843432261341e-192,0.000000000000000000e+00,-1.737919341132438911e-138,-1.874474545592536845e-01,-5.549027877180910650e-204,-5.803002812883007136e-205,0.000000000000000000e+00,-1.659205934061809655e-284,0.000000000000000000e+00,0.000000000000000000e+00,-8.335571336261083086e-281,-1.875124103453702507e-01,0.000000000000000000e+00,-1.444662936979665470e-180,-7.564875652305623975e-277,-1.106412221504693208e-206,-6.250413445842138704e-02,-5.414695444887726583e-02,7.110698791235776917e-02,7.996398264618407303e-01,-3.246090623470591907e-02,2.835002319299298815e-02,-7.453047535794809927e-216,-1.875125337307088358e-01,0.000000000000000000e+00,-2.387060366506986610e-189,-4.450887796484228885e-154,-2.988688791438521128e-48,-3.346273144540043997e-264,0.000000000000000000e+00,0.000000000000000000e+00,0.000000000000000000e+00,-4.777357310977763855e-212,0.000000000000000000e+00,-7.175987782262974523e-267,0.000000000000000000e+00,-5.869858146929046939e-227,0.000000000000000000e+00,-1.033889673285599698e-153,-6.250413741735422191e-02,0.000000000000000000e+00,-1.345547415256347540e-281,-1.614180043173259113e-295,0.000000000000000000e+00,-5.431051335610930375e-244,-1.250083063724999610e-01
-1.111448499307212017e-31,-3.189139735184714515e-105,-1.364274747501808271e-01,-6.965711316170176257e-219,-2.570531487561972209e-127,-1.215739688114431815e-143,-1.627369557741753685e-242,-5.961914007532644586e-177,-4.546049107974421688e-02,-6.088819825750493524e-215,-4.566401634199166971e-190,-1.300917381914509968e-219,-6.703890893010208187e-220,-4.562792386640743040e-162,-9.097773639409757751e-02,-3.162020133383977883e-322,-1.585549828763086575e-163,-1.028922277767127132e-239,-3.335029423868330319e-94,-4.546047691858735168e-02,-2.912010158228800912e-161,-9.789472299591571017e-194,-4.342844838877148550e-256,0.000000000000000000e+00,-3.890989996352173912e-238,-1.725744002541936188e-217,-4.033608213328691207e-175,7.170871626763448969e-02,-8.333704286728623829e-268,4.226286631401759974e-03,2.967862787566586530e-02,6.965989580284492888e-01,6.140607621612129141e-02,-1.713472349047462779e-193,-3.079948265689130296e-45,0.000000000000000000e+00,-3.024014914983046088e-209,-4.221463746875868757e-134,-6.599831832306278093e-210,-4.546176318457215149e-02,0.000000000000000000e+00,0.000000000000000000e+00,0.000000000000000000e+00,-3.115257109521353872e-60,-2.125719961857447380e-255,-1.413687597517914605e-189,-2.464215934363623741e-267,-4.875302843414766224e-103,0.000000000000000000e+00,-2.602889248607444174e-174,-1.363814313093827113e-01,0.000000000000000000e+00,-3.483321071447548532e-205,-3.634492913827080396e-01,-1.881879471015389505e-163,-8.802043671234002609e-158,-4.415816884004146935e-272
-2.481782331205386379e-159,-7.692305031865268039e-02,-5.217931558782084112e-231,0.000000000000000000e+00,0.000000000000000000e+00,-1.149113275556304887e-206,0.000000000000000000e+00,-9.357096019668830720e-231,-2.395114300014252339e-231,-2.221138130137457644e-190,-1.391847878731234046e-303,-7.692317728314608527e-02,-2.307692584818488990e-01,-3.055422282303317468e-263,0.000000000000000000e+00,0.000000000000000000e+00,0.000000000000000000e+00,-1.476053099694815696e-276,0.000000000000000000e+00,0.000000000000000000e+00,-1.538462061127727210e-01,0.000000000000000000e+00,-7.692334357989992488e-02,-3.437058060385106297e-311,-3.273071072952017952e-277,0.000000000000000000e+00,-1.538458872520244991e-01,2.825247489995085237e-01,6.691006108263708452e-02,-1.538459670556473202e-01,1.242013620725970630e-01,3.019026890402302932e-02,4.961735589412342717e-01,0.000000000000000000e+00,0.000000000000000000e+00,0.000000000000000000e+00,-7.692310991600782855e-02,-5.773440365505165888e-280,-6.999454572856368244e-284,0.000000000000000000e+00,0.000000000000000000e+00,0.000000000000000000e+00,-4.501406442911156195e-259,-2.326691560930504863e-190,0.000000000000000000e+00,0.000000000000000000e+00,0.000000000000000000e+00,-8.167151071840361246e-190,0.000000000000000000e+00,-4.662421641194033500e-280,0.000000000000000000e+00,0.000000000000000000e+00,0.000000000000000000e+00,-1.743734820241032086e-246,0.000000000000000000e+00,-4.894547770978488495e-203,0.000000000000000000e+00
0.000000000000000000e+00,-3.822249392083532830e-140,0.000000000000000000e+00,0.000000000000000000e+00,0.000000000000000000e+00,0.000000000000000000e+00,0.000000000000000000e+00,0.000000000000000000e+00,-1.306062709718122645e-252,8.002829008215004425e-01,3.052064631956911966e-02,2.907894020999945636e-02,0.000000000000000000e+00,0.000000000000000000e+00,0.000000000000000000e+00,0.000000000000000000e+00,0.000000000000000000e+00,0.000000000000000000e+00,0.000000000000000000e+00,0.000000000000000000e+00,-2.000001476598594896e-01,0.000000000000000000e+00,0.000000000000000000e+00,0.000000000000000000e+00,0.000000000000000000e+00,-2.000001475921083238e-01,0.000000000000000000e+00,0.000000000000000000e+00,0.000000000000000000e+00,0.000000000000000000e+00,0.000000000000000000e+00,6.920189325934389402e-02,7.091561938958707012e-02,0.000000000000000000e+00,-3.999995571193444288e-01,0.000000000000000000e+00,0.000000000000000000e+00,0.000000000000000000e+00,-1.792468413645826811e-252,0.000000000000000000e+00,0.000000000000000000e+00,0.000000000000000000e+00,0.000000000000000000e+00,0.000000000000000000e+00,0.000000000000000000e+00,0.000000000000000000e+00,0.000000000000000000e+00,0.000000000000000000e+00,0.000000000000000000e+00,-2.000001476286877300e-01,0.000000000000000000e+00,0.000000000000000000e+00,0.000000000000000000e+00,0.000000000000000000e+00,0.000000000000000000e+00,0.000000000000000000e+00,0.000000000000000000e+00
-1.063559370481693311e-143,-3.163806649062971473e-07,-1.363634242443843847e-01,-7.746237893710634979e-183,-9.408296519842642954e-136,-2.090595268037938905e-96,-4.047090116187501812e-208,-1.818056738464725042e-01,-1.363635093967273948e-01,2.984370392214685808e-02,6.958419345325862482e-01,-7.496494274951101544e-02,-1.469181049755680311e-175,-1.203542454054476778e-206,-9.213501180111458260e-228,-8.333426701539992378e-302,-2.272868545796132567e-01,-3.809232518225814974e-149,-1.234501656214378304e-211,0.000000000000000000e+00,-1.363634370225237369e-01,-1.396973746933861023e-228,-3.550417789050735763e-306,0.000000000000000000e+00,-1.101099029461476774e-74,-2.743634277239568571e-147,-7.658216806474003986e-51,-6.284747708403475406e-12,-2.068464255280771133e-185,-4.545399933356283895e-02,6.924211147154231416e-02,-1.764915971057971509e-166,1.436744323208493102e-01,-3.029266478182266196e-137,-7.435357796141534369e-243,0.000000000000000000e+00,-9.667363010228600711e-254,-3.476448582104206695e-76,-5.282011553980432307e-214,-2.468737993944170039e-08,0.000000000000000000e+00,-1.219716661056737722e-299,-4.292031092186573986e-311,-4.654914908516988682e-211,-2.968502044321714152e-309,-3.935740651958561968e-191,-9.240613065715265585e-237,-1.070608440763407999e-76,-1.054131691918113985e-284,-2.123185173294834192e-144,0.000000000000000000e+00,-2.551225396747539028e-177,0.000000000000000000e+00,-3.093521329365434527e-178,-9.025879145001727940e-184,-1.550300887534248745e-93,-6.778152834681411565e-198
-1.271198693239907930e-301,-1.320212793180367824e-231,-1.031322677833262084e-73,-4.762044602296493234e-02,-3.392437914459387043e-238,-6.677816688730945068e-203,-2.406247263817543941e-250,-1.308735366129373538e-229,-9.802315967646489006e-299,1.197802971621716728e-01,2.964579959157805783e-02,4.986268572635729757e-01,0.000000000000000000e+00,-8.161769194667119080e-15,-6.094674851570647703e-179,-7.109019014279645596e-223,0.000000000000000000e+00,-1.790147915173096108e-309,-4.800918727042943063e-02,-5.902311578946300459e-308,-2.653082075779535015e-290,-1.429131078241891728e-01,-8.710076535867881641e-299,-2.024349218792893756e-240,-3.778400514896141883e-177,-1.904752897589973015e-01,-1.236114359802469175e-188,-1.041387335420494382e-245,-2.614523159387406973e-310,-5.003770049844705915e-136,2.833603267375536805e-01,6.858671924512357854e-02,-8.023589981351150118e-114,-4.761882441312993014e-02,-1.802368440049944849e-154,0.000000000000000000e+00,-2.529660742858898840e-40,-2.840341926524781242e-213,-7.902820406773630993e-310,-2.440183524037004277e-255,0.000000000000000000e+00,-1.785902321493763651e-291,0.000000000000000000e+00,-3.805744435676235993e-01,-4.718951899053150414e-219,-4.760779046849441393e-02,0.000000000000000000e+00,-1.779169727107905148e-128,-2.561680534758157155e-174,-1.317897449368143786e-274,-1.289084489908880587e-107,0.000000000000000000e+00,-9.332343536425136877e-265,-2.005465073351823723e-107,-9.518091067416308004e-02,-3.358188781972497013e-57,-3.304282252180666081e-309
0.000000000000000000e+00,0.000000000000000000e+00,-7.142847834649775074e-02,0.000000000000000000e+00,-1.846496580785053016e-258,-2.142852526467168006e-01,0.000000000000000000e+00,-7.487066266023453125e-234,-1.088519660487466063e-180,-7.142848624960340675e-02,0.000000000000000000e+00,-1.086944420850742397e-322,0.000000000000000000e+00,0.000000000000000000e+00,0.000000000000000000e+00,0.000000000000000000e+00,-1.310308237964205329e-272,-5.461463863425447628e-194,-6.905462687016406990e-242,0.000000000000000000e+00,0.000000000000000000e+00,-1.428584991801432613e-01,-2.067840961379167618e-209,0.000000000000000000e+00,-5.074756145200627975e-273,0.000000000000000000e+00,0.000000000000000000e+00,0.000000000000000000e+00,-4.285708049280125276e-01,0.000000000000000000e+00,0.000000000000000000e+00,-5.071086934127293476e-174,0.000000000000000000e+00,-1.160954186064557017e-242,7.287926061105551301e-02,7.158415258727261754e-02,0.000000000000000000e+00,-6.788336977463558044e-257,-3.389351669437306927e-277,0.000000000000000000e+00,0.000000000000000000e+00,0.000000000000000000e+00,0.000000000000000000e+00,-8.895602546807059903e-319,-1.178281065013212495e-267,0.000000000000000000e+00,0.000000000000000000e+00,-2.759021511213268872e-239,0.000000000000000000e+00,-2.678434422553427478e-258,0.000000000000000000e+00,0.000000000000000000e+00,0.000000000000000000e+00,-2.615896208292140587e-244,7.243565334190258387e-01,3.137693530346735704e-02,2.837463943015246931e-02
-2.291291355438616171e-197,-2.422852875876425287e-223,0.000000000000000000e+00,0.000000000000000000e+00,-2.307674369340738663e-01,-4.722075600611135255e-269,-2.307692305932686483e-01,-3.968398359065536335e-146,-6.193112870620025431e-320,0.000000000000000000e+00,-1.445775030416048255e-134,-1.538461409739715902e-01,-2.065186351183862241e-153,0.000000000000000000e+00,-3.375416430091492242e-281,0.000000000000000000e+00,0.000000000000000000e+00,-7.692305970717444596e-02,-4.940656458412465442e-324,0.000000000000000000e+00,-5.888627433254271233e-250,-1.905564123976605239e-85,-9.038035441191354536e-264,0.000000000000000000e+00,-4.120028231276672439e-187,0.000000000000000000e+00,-1.463687931177293549e-312,-7.455380384623424699e-287,-1.086175368613712806e-107,0.000000000000000000e+00,0.000000000000000000e+00,-9.613881938702044153e-277,0.000000000000000000e+00,7.165423985846075539e-02,0.000000000000000000e+00,1.455832174902060017e-01,-3.441605028851424052e-311,-3.799781312314959917e-191,-3.596193768806788057e-253,-1.538451865864545187e-01,0.000000000000000000e+00,0.000000000000000000e+00,0.000000000000000000e+00,-1.538489452050568196e-01,0.000000000000000000e+00,-7.014257470855298628e-298,0.000000000000000000e+00,0.000000000000000000e+00,-8.205577224865866434e-316,0.000000000000000000e+00,0.000000000000000000e+00,0.000000000000000000e+00,0.000000000000000000e+00,-1.967605211807615873e-276,2.995071401491216853e-02,6.951851383798811623e-01,5.762669025653987392e-02
0.000000000000000000e+00,0.000000000000000000e+00,0.000000000000000000e+00,0.000000000000000000e+00,-1.666666438458874466e-01,0.000000000000000000e+00,0.000000000000000000e+00,-5.000000228272127867e-01,-7.587367906010638405e-243,0.000000000000000000e+00,0.000000000000000000e+00,0.000000000000000000e+00,0.000000000000000000e+00,-4.368726598678533649e-129,-3.352423083329390237e-278,0.000000000000000000e+00,0.000000000000000000e+00,-5.555124862926065128e-232,0.000000000000000000e+00,0.000000000000000000e+00,0.000000000000000000e+00,-7.202453614873873918e-82,-1.666666666708008782e-01,-1.666666666560988330e-01,-2.011297123423214722e-242,-9.349925791373219115e-252,0.000000000000000000e+00,0.000000000000000000e+00,-6.984131682831130214e-316,0.000000000000000000e+00,0.000000000000000000e+00,0.000000000000000000e+00,0.000000000000000000e+00,2.745127662788940937e-01,6.979906330261369252e-02,0.000000000000000000e+00,-1.086944420850742397e-322,-5.184033672135760225e-265,0.000000000000000000e+00,0.000000000000000000e+00,0.000000000000000000e+00,0.000000000000000000e+00,0.000000000000000000e+00,-9.463161405793015378e-156,0.000000000000000000e+00,0.000000000000000000e+00,0.000000000000000000e+00,-8.135056332277300433e-275,-1.439428093718806355e-165,-2.887454416095179817e-304,0.000000000000000000e+00,0.000000000000000000e+00,0.000000000000000000e+00,-5.227853382130744224e-187,1.202598579845898241e-01,2.674119957697537395e-02,5.086871128569270262e-01
-4.138155665522652660e-133,-2.879558442760130543e-58,-5.103468978348340678e-223,-5.096844581232616578e-02,-4.995194489380395259e-02,-3.225053296078267830e-153,-6.532870891646681456e-274,-4.149323654798085635e-193,-1.720471452294310617e-212,-2.343895963064111076e-289,-1.216382613724147185e-275,-1.080398494317441920e-104,-5.479290879520706553e-218,-1.498540720723598452e-01,-3.208659673111424334e-218,-6.216368551215962116e-295,-6.636046740422112610e-248,-5.823944260729602632e-193,0.000000000000000000e+00,0.000000000000000000e+00,0.000000000000000000e+00,-3.827689467649542043e-174,-4.995136096458686892e-02,-9.279484053537821569e-185,-4.995142121337675656e-02,-2.833410854131303135e-100,-5.763562639178652187e-179,6.017720457466917416e-01,2.927204327649174723e-02,3.045281050059038194e-02,0.000000000000000000e+00,-1.498542701615024897e-01,-9.985795949498429969e-02,-9.558281069543241219e-130,0.000000000000000000e+00,-8.535662122669311043e-246,-9.666489210094812810e-215,7.040667819974187613e-02,6.829228107751873778e-02,-2.291906336225878051e-131,0.000000000000000000e+00,-8.830787775197957415e-284,0.000000000000000000e+00,-4.995261070385992319e-02,-4.995143609857610051e-02,-4.995097791818525756e-02,0.000000000000000000e+00,-2.021010268237213907e-183,-1.351106417151825150e-262,-5.380288143558029030e-229,0.000000000000000000e+00,-4.995135946747284589e-02,-7.952753823217491532e-257,-1.901770636433942359e-150,0.000000000000000000e+00,-3.555484325448288894e-165,0.000000000000000000e+00
-2.480106030626603315e-164,-7.507993457146299162e-135,-2.313355471811585354e-270,0.000000000000000000e+00,-6.310609426229145736e-169,-3.571938377851023583e-02,-1.010479234351859325e-177,-1.536868212208342494e-147,-9.210576442206290204e-289,-1.428580284748665052e-01,-3.699271099411753185e-218,-4.795440884277114485e-105,-1.138941133198415350e-286,-3.645743552467394197e-314,-1.785881942352788299e-01,-5.667181769057316792e-258,0.000000000000000000e+00,-9.914811537459367386e-304,-3.571402823585517750e-02,0.000000000000000000e+00,0.000000000000000000e+00,-1.438292428548751829e-226,-4.000360279973147868e-148,-3.571483353225261143e-02,-4.643049023727627499e-126,-4.482101186304845542e-253,-1.395548516481642612e-250,2.931710457019135255e-02,7.046053016560360760e-01,6.249634267657557668e-02,-8.446177781854289621e-184,-3.214140583217910963e-01,-3.571381388495612624e-02,-2.633958554368589337e-176,-1.063937615504134887e-48,0.000000000000000000e+00,6.548071859090642821e-02,-9.589056628773264667e-193,1.381005325062905909e-01,-7.064104916475218154e-02,0.000000000000000000e+00,0.000000000000000000e+00,0.000000000000000000e+00,-1.540108287893794243e-204,0.000000000000000000e+00,-1.071359681468215391e-01,-3.241881546217294579e-12,-2.169695631772634410e-179,-2.759385208696117017e-76,-7.135535163791066543e-84,-5.958555124692658310e-82,0.000000000000000000e+00,-1.623651943942291812e-269,-1.736704223462329010e-152,-1.707225631115953993e-194,-3.650064222167377637e-02,-2.682934282796962605e-173
-2.800086905095593201e-109,-2.016799788324562973e-187,-2.733244740738931098e-270,-1.223077952891333229e-210,-2.930775157203916867e-107,-3.307659327892867688e-20,-6.450254355968013848e-94,-5.519400354564013637e-152,-6.165546645753992931e-154,-6.720183250869730367e-150,-1.560504871873658805e-239,-6.804044170505048270e-133,-3.648497289922451971e-197,-1.019896174188631741e-151,-4.551637998523105155e-167,-3.493878085654560095e-02,-1.099696527181033044e-201,-5.574177136982018280e-81,-3.573298658796374844e-02,0.000000000000000000e+00,-2.264773142802281830e-303,-4.272971502918520359e-130,-4.492832697591844379e-210,-3.760864943794548297e-221,-3.740319784863295969e-116,-3.455722806076992163e-92,-3.326571365402384856e-196,1.223724255078207923e-01,-6.360132708858056566e-03,3.563311853083532821e-01,0.000000000000000000e+00,-2.484798790044056052e-197,-9.070434575797955739e-85,-1.786622598151892394e-01,-2.034833341730033319e-174,-7.146383798638135387e-02,2.767357916342274571e-01,7.226272206100926854e-02,-2.228542901094463700e-140,-2.431472503996604417e-233,0.000000000000000000e+00,-7.342053736148301222e-226,-2.549783417858805405e-174,-2.143886874048364366e-01,-1.429358603123737359e-01,-1.517576012539894789e-208,-2.409469752525916823e-298,-4.482863597472644202e-258,-2.192557380348381992e-258,-3.320460885522594034e-137,-2.120766063262818307e-41,-7.212934070809260794e-73,0.000000000000000000e+00,-3.036636348401019037e-64,-6.014141668970094242e-209,-1.432195788392626457e-01,-1.001894255665357862e-237
-2.074563256734451374e-282,-1.896231402308169167e-01,-5.702537297256201077e-42,-4.766838010807377540e-02,-1.733542940559596626e-243,-3.815583406669423672e-73,-6.713677226891757407e-245,-1.430059445953046349e-01,-5.915853745217579524e-213,-9.533685012557069349e-02,-5.790628382910485619e-280,-1.916966734882771950e-260,-1.029040099713999676e-183,-4.766703194486914680e-02,-4.415628015688717042e-295,0.000000000000000000e+00,-2.152615345253202889e-281,-1.906604371649077978e-01,7.549067289593001107e-01,3.004291845493562221e-02,2.941417675842650584e-02,-9.536682386347410112e-02,0.000000000000000000e+00,-2.381435997214006153e-230,-4.465519857035706993e-210,-5.377735063385052666e-72,-3.439244541703626402e-288,-3.291982011955895842e-204,0.000000000000000000e+00,0.000000000000000000e+00,0.000000000000000000e+00,-5.156925679718415083e-289,-1.815936642867983199e-268,-1.355607321616986779e-227,-2.238252387042522979e-174,0.000000000000000000e+00,-1.363856694115708230e-282,-1.687798417785037349e-183,-1.430030136301456145e-01,-2.587500191739324210e-259,6.815013258248817096e-02,6.981766490801236125e-02,-3.482744844201485471e-150,-1.908732241621314031e-90,-1.685215131879562110e-316,0.000000000000000000e+00,0.000000000000000000e+00,-2.056824272458880119e-194,0.000000000000000000e+00,-6.040009527299522943e-231,0.000000000000000000e+00,-1.059972498588118900e-295,-5.560349821329089695e-228,-2.654638175509995584e-196,0.000000000000000000e+00,-4.289117429577360543e-105,0.000000000000000000e+00
-5.156507470671848932e-158,0.000000000000000000e+00,0.000000000000000000e+00,0.000000000000000000e+00,0.000000000000000000e+00,-2.862115796687653457e-231,0.000000000000000000e+00,0.000000000000000000e+00,0.000000000000000000e+00,0.000000000000000000e+00,0.000000000000000000e+00,0.000000000000000000e+00,0.000000000000000000e+00,0.000000000000000000e+00,0.000000000000000000e+00,0.000000000000000000e+00,0.000000000000000000e+00,-5.000000000000000000e-01,2.782265302459163356e-02,7.013103572069646630e-01,6.300484652665590268e-02,0.000000000000000000e+00,0.000000000000000000e+00,-5.000000000000000000e-01,0.000000000000000000e+00,0.000000000000000000e+00,0.000000000000000000e+00,0.000000000000000000e+00,0.000000000000000000e+00,0.000000000000000000e+00,0.000000000000000000e+00,0.000000000000000000e+00,0.000000000000000000e+00,0.000000000000000000e+00,0.000000000000000000e+00,0.000000000000000000e+00,0.000000000000000000e+00,0.000000000000000000e+00,0.000000000000000000e+00,6.755220487046012523e-02,0.000000000000000000e+00,1.403099383713277137e-01,0.000000000000000000e+00,0.000000000000000000e+00,0.000000000000000000e+00,0.000000000000000000e+00,0.000000000000000000e+00,0.000000000000000000e+00,0.000000000000000000e+00,0.000000000000000000e+00,0.000000000000000000e+00,0.000000000000000000e+00,0.000000000000000000e+00,0.000000000000000000e+00,0.000000000000000000e+00,0.000000000000000000e+00,0.000000000000000000e+00
0.000000000000000000e+00,-1.956701417873404708e-270,0.000000000000000000e+00,-1.818423248092858879e-01,-3.012193867900820176e-271,-2.524575344983312394e-253,0.000000000000000000e+00,-2.800451380949547962e-186,-3.636846534082871507e-01,0.000000000000000000e+00,-1.224970086953023507e-295,0.000000000000000000e+00,0.000000000000000000e+00,0.000000000000000000e+00,0.000000000000000000e+00,0.000000000000000000e+00,0.000000000000000000e+00,0.000000000000000000e+00,1.211199886869829545e-01,2.778759810506964412e-02,5.063282189068797345e-01,-2.134685001046411443e-293,0.000000000000000000e+00,0.000000000000000000e+00,0.000000000000000000e+00,-4.518805947012497988e-131,0.000000000000000000e+00,0.000000000000000000e+00,-1.875899836684232942e-140,-2.598263774822550489e-142,0.000000000000000000e+00,-6.751991336470745887e-304,0.000000000000000000e+00,0.000000000000000000e+00,0.000000000000000000e+00,0.000000000000000000e+00,-2.973343815612571171e-173,-2.132087429603794448e-317,-2.319735915011089098e-25,2.789365763982181723e-01,6.582761790284946679e-02,0.000000000000000000e+00,0.000000000000000000e+00,-1.818423208533330171e-01,0.000000000000000000e+00,0.000000000000000000e+00,0.000000000000000000e+00,0.000000000000000000e+00,0.000000000000000000e+00,-2.726307009290938610e-01,0.000000000000000000e+00,0.000000000000000000e+00,-1.187270996208723072e-306,-1.050961965075513938e-106,0.000000000000000000e+00,-1.263005945390621366e-271,0.000000000000000000e+00
0.000000000000000000e+00,-1.647403958619575958e-286,-3.705492343809349081e-322,0.000000000000000000e+00,0.000000000000000000e+00,-5.135201930046043914e-172,-7.195358082364436072e-267,-1.512483753005535043e-142,-1.195285224398617642e-179,-2.410493697881412262e-271,-1.668399072273717976e-01,0.000000000000000000e+00,-6.913490989135995391e-285,-3.518919817764946579e-113,-1.446093747080421266e-308,0.000000000000000000e+00,-3.960587938307311283e-236,-7.378533601918369712e-257,0.000000000000000000e+00,0.000000000000000000e+00,0.000000000000000000e+00,-1.669191549653003814e-01,0.000000000000000000e+00,0.000000000000000000e+00,0.000000000000000000e+00,-5.544693319941142265e-250,0.000000000000000000e+00,-4.269708219039429572e-244,-8.292696490897250028e-02,0.000000000000000000e+00,0.000000000000000000e+00,0.000000000000000000e+00,0.000000000000000000e+00,0.000000000000000000e+00,0.000000000000000000e+00,0.000000000000000000e+00,-8.142698591348318819e-204,-2.499758837335356032e-01,-1.666738796462508554e-01,0.000000000000000000e+00,0.000000000000000000e+00,0.000000000000000000e+00,0.000000000000000000e+00,7.322187125585448431e-02,7.376647424027883704e-02,-1.932463414980662592e-295,0.000000000000000000e+00,0.000000000000000000e+00,7.930780960679664204e-01,2.995316414333950433e-02,2.998039429256072266e-02,0.000000000000000000e+00,0.000000000000000000e+00,-5.045266948612578647e-306,0.000000000000000000e+00,-3.591014013188074042e-239,-1.666642095185688621e-01
-1.471116006749619182e-160,-4.776448346163601185e-97,-2.056628051509501280e-218,-3.704787337756925564e-02,-7.148832466592251391e-196,-3.920616740522446995e-63,-1.478888630948518579e-01,-4.522656320915258132e-165,-2.919352763383909672e-172,-3.917367024598790686e-220,-3.709756162558638243e-02,-1.563590566870635038e-302,-1.589061625338324765e-161,-1.839814763088837732e-291,0.000000000000000000e+00,-7.409580489106654122e-02,-2.349793382832102373e-294,-5.117438886546413674e-153,-1.142151976452452333e-250,0.000000000000000000e+00,-5.900682469125980536e-299,-3.675469841148106678e-67,-3.704870346041075346e-02,-7.409580055227707462e-02,-1.481792902327101757e-01,-1.944262638080929340e-262,-1.865985571750232024e-148,-1.422870992400922495e-152,-3.704896661017507975e-02,-1.342829439128771560e-126,-7.558342360875711145e-189,-3.706065830586798004e-02,0.000000000000000000e+00,-4.705676002560682434e-209,-6.603710126554164317e-233,0.000000000000000000e+00,-2.592844873144544704e-01,-5.298314663522016512e-134,-6.465901156611254836e-171,-5.000106618599026083e-282,0.000000000000000000e+00,0.000000000000000000e+00,6.665880827488654403e-02,-2.593242449721807832e-191,1.364413272823716550e-01,-1.111519905350304982e-01,0.000000000000000000e+00,-8.082610580169556355e-135,3.206223846289856655e-02,7.043083632934520333e-01,6.052926268639122892e-02,0.000000000000000000e+00,0.000000000000000000e+00,-9.164185895318873383e-119,0.000000000000000000e+00,-3.059291355923272175e-209,-8.589242593166364346e-313
-9.090971178488173321e-02,0.000000000000000000e+00,0.000000000000000000e+00,0.000000000000000000e+00,-9.090974848293451038e-02,-5.490730399532661774e-210,-1.818193644975806267e-01,-1.784348788156099834e-115,-3.304857134157504848e-105,0.000000000000000000e+00,-2.218123978113362716e-92,-1.617472111355072936e-319,0.000000000000000000e+00,-6.919500489450160763e-201,0.000000000000000000e+00,0.000000000000000000e+00,0.000000000000000000e+00,-1.818126143137825113e-01,-1.738736691892011319e-119,0.000000000000000000e+00,-4.948074820824763972e-153,-1.020269397311042965e-94,0.000000000000000000e+00,0.000000000000000000e+00,-4.631611504642770183e-264,0.000000000000000000e+00,0.000000000000000000e+00,-1.689429265379363591e-114,-1.034194175669856353e-277,-3.061825089512987708e-259,0.000000000000000000e+00,-3.216169728168178504e-319,-2.727291689720752199e-01,0.000000000000000000e+00,0.000000000000000000e+00,0.000000000000000000e+00,-8.897010975075151996e-144,-4.089321644939255102e-139,-2.676192699807371138e-76,-9.090970975417611566e-02,0.000000000000000000e+00,0.000000000000000000e+00,2.779068948517501303e-01,6.951193746038453192e-02,-9.090968219456932453e-02,-1.424091125625726930e-294,0.000000000000000000e+00,-5.628436234624052674e-228,1.188816113810831770e-01,3.000211282484682024e-02,5.036974434819353474e-01,0.000000000000000000e+00,0.000000000000000000e+00,-3.570152078532822952e-156,0.000000000000000000e+00,-5.381244829901689669e-137,0.000000000000000000e+00
2.615743310758298912e-01,9.104030198734318000e-03,8.770955923170866558e-03,0.000000000000000000e+00,-3.357147414091492113e-107,-3.898768633494022921e-203,-3.393596778383763001e-305,-7.563203383652787776e-25,-1.564271182990538586e-299,-3.660146425631525571e-185,-3.500097863586368319e-01,-1.511374515822564742e-282,0.000000000000000000e+00,-3.837267147988519074e-232,0.000000000000000000e+00,-5.161202164250143918e-165,-3.498660735018845280e-234,-7.336129358488418716e-306,-2.708471473191454634e-223,0.000000000000000000e+00,-2.273696307275365663e-303,-2.499894883146013547e-01,-2.398032952462535141e-311,-5.000021530996944658e-02,-7.784234530447623545e-95,0.000000000000000000e+00,-9.999986975776380127e-02,0.000000000000000000e+00,-9.642782387548558220e-188,-4.513234190416906763e-306,0.000000000000000000e+00,0.000000000000000000e+00,0.000000000000000000e+00,2.761185744421005839e-01,9.215054957255467902e-03,1.010325302542466885e-02,2.664594204507605424e-01,1.010325302542466885e-02,-3.968709283729991710e-02,-1.149406420607391587e-300,0.000000000000000000e+00,-6.826884280061347680e-62,-9.054826318197409836e-301,-5.332687646738769146e-214,-4.391709989065731474e-181,-1.073736880622671240e-202,6.839125124902853403e-02,6.983457310980348276e-02,0.000000000000000000e+00,-1.221724292583813044e-83,-2.637575121210093835e-306,0.000000000000000000e+00,0.000000000000000000e+00,-9.786917417477696048e-89,-1.028254065178633116e-70,-1.999882448792616729e-01,0.000000000000000000e+00
-1.703660739807047186e-01,2.295321637426900596e-01,1.876218323586744535e-02,0.000000000000000000e+00,0.000000000000000000e+00,-6.916919041777451618e-323,0.000000000000000000e+00,0.000000000000000000e+00,-4.545454608346597425e-01,0.000000000000000000e+00,-6.210899233870310307e-320,0.000000000000000000e+00,0.000000000000000000e+00,-1.626888519063619333e-204,0.000000000000000000e+00,0.000000000000000000e+00,0.000000000000000000e+00,0.000000000000000000e+00,0.000000000000000000e+00,0.000000000000000000e+00,0.000000000000000000e+00,-5.137075927329256766e-280,0.000000000000000000e+00,0.000000000000000000e+00,-1.158975135904979728e-215,-3.636362234692359641e-01,-1.728430404097358023e-163,-9.422673016491554259e-234,0.000000000000000000e+00,-1.797481342604700254e-274,0.000000000000000000e+00,0.000000000000000000e+00,0.000000000000000000e+00,9.990253411306042330e-03,2.356237816764132631e-01,1.851851851851851749e-02,8.040935672514619437e-03,2.302631578947368363e-01,1.705653021442495032e-02,0.000000000000000000e+00,0.000000000000000000e+00,0.000000000000000000e+00,-1.394969762685132174e-241,-4.305222959137827774e-221,0.000000000000000000e+00,7.553606237816763713e-02,0.000000000000000000e+00,1.452241715399610056e-01,0.000000000000000000e+00,-8.845003561061331102e-313,0.000000000000000000e+00,0.000000000000000000e+00,0.000000000000000000e+00,-1.531868153731687203e-164,0.000000000000000000e+00,-1.350653712221325337e-260,0.000000000000000000e+00
4.126426690079016552e-02,9.364940005853087529e-03,1.682762657301726528e-01,0.000000000000000000e+00,-2.675486728053205391e-251,-4.346880953091872279e-02,-2.206884113592561015e-197,-2.671211674609063160e-100,-4.366621182005341723e-169,0.000000000000000000e+00,-8.690723778381136133e-02,-2.501624031095580392e-255,-4.542628177596948975e-217,-5.712346483833533562e-317,-2.025310263604628208e-315,-8.783644463913586886e-02,-4.343604881984575866e-02,0.000000000000000000e+00,-1.736065954222907129e-275,-9.857205024135914931e-267,0.000000000000000000e+00,-8.680792013241384053e-02,-2.707301725242923343e-249,-1.116208950611424967e-293,-1.379299576979038268e-155,-4.343607019027603128e-02,-1.135198726790889204e-106,-1.737008644535195379e-01,-4.347939358804538829e-02,-4.343896271275725363e-02,-1.686241178428993481e-258,-8.373339161110288336e-222,-1.737440426524717030e-01,4.009364940005853001e-02,1.112086625695054079e-02,1.697395376060872041e-01,3.453321627158326135e-02,1.082821188176763191e-02,1.650570676031606621e-01,0.000000000000000000e+00,0.000000000000000000e+00,-8.687210887461005449e-02,0.000000000000000000e+00,-4.656117951740651317e-292,0.000000000000000000e+00,2.774363476733976985e-01,2.884958009523013595e-02,-8.215806311681038096e-220,-2.759838239667778039e-197,-4.343604604724611573e-02,0.000000000000000000e+00,0.000000000000000000e+00,-3.391246465715047166e-73,-2.488047304196669708e-168,-2.304398961954084856e-51,-5.180773057134564475e-77,-4.446590812571218898e-322
0.000000000000000000e+00,-4.796243945061480424e-129,0.000000000000000000e+00,0.000000000000000000e+00,0.000000000000000000e+00,0.000000000000000000e+00,0.000000000000000000e+00,-2.009729074173837954e-313,0.000000000000000000e+00,-3.439480747703497722e-127,-2.500000000039907522e-01,0.000000000000000000e+00,0.000000000000000000e+00,0.000000000000000000e+00,0.000000000000000000e+00,8.013529120607160161e-01,3.151295165814221866e-02,2.958807677500962380e-02,0.000000000000000000e+00,0.000000000000000000e+00,0.000000000000000000e+00,0.000000000000000000e+00,-4.153350334115160964e-310,0.000000000000000000e+00,-1.998990131986582203e-181,0.000000000000000000e+00,-5.483964481238651977e-275,-5.926380101169152370e-298,0.000000000000000000e+00,-2.499999999889684910e-01,0.000000000000000000e+00,0.000000000000000000e+00,-2.499999999598646605e-01,0.000000000000000000e+00,0.000000000000000000e+00,0.000000000000000000e+00,0.000000000000000000e+00,-2.132635559424602750e-277,0.000000000000000000e+00,0.000000000000000000e+00,0.000000000000000000e+00,0.000000000000000000e+00,0.000000000000000000e+00,0.000000000000000000e+00,0.000000000000000000e+00,0.000000000000000000e+00,-1.867995519394540005e-271,-2.784264092224778120e-302,0.000000000000000000e+00,6.852554583952043255e-02,6.902051366661167420e-02,-2.500000000471761519e-01,0.000000000000000000e+00,-3.726697805169138354e-166,0.000000000000000000e+00,-1.623264906993284367e-297,0.000000000000000000e+00
-1.764707227881328611e-01,-1.661455675819526903e-111,-1.929820412655909002e-320,0.000000000000000000e+00,-7.948512229610529473e-209,-6.071593983180970850e-50,-1.323466073036523417e-261,-2.243966619101979060e-250,-1.638787829319810105e-264,-3.673157907882634193e-215,-8.482153760272313820e-276,-5.882376620469365741e-02,-2.690596696702698609e-244,-7.640142027968472609e-307,-3.609249473707958114e-272,3.097893432465923316e-02,6.997698707735882095e-01,5.971558387915264915e-02,-1.176473713429642409e-01,0.000000000000000000e+00,0.000000000000000000e+00,-2.352946368971654267e-01,-9.662960058710966073e-266,0.000000000000000000e+00,-4.448775170758832590e-246,-4.635791964111051199e-314,0.000000000000000000e+00,-4.866336666686276583e-209,-2.662007439977938877e-66,-2.745377185669383845e-45,0.000000000000000000e+00,-5.882073181282895802e-02,-1.226681188691115235e-228,-1.978437237659383229e-91,-4.019390819886765399e-310,0.000000000000000000e+00,-3.468010468496007450e-204,-2.941190792673692989e-01,-5.313516055039365269e-136,-1.619470700400425260e-228,-5.882369168684559169e-02,0.000000000000000000e+00,0.000000000000000000e+00,-7.700741759775509392e-159,0.000000000000000000e+00,-3.391590859984450043e-270,0.000000000000000000e+00,-2.848113403335842252e-101,6.715052811707086788e-02,-4.786664473222050463e-22,1.423850829055290090e-01,0.000000000000000000e+00,-1.572253036107853737e-310,-9.720115751101750532e-266,0.000000000000000000e+00,-2.726486137444770978e-164,0.000000000000000000e+00
-2.351312487726096735e-288,-1.034621817295787123e-109,-1.048040876169334931e-227,0.000000000000000000e+00,-1.486158906519407915e-130,-7.750300547808090801e-02,-2.950327332044733135e-317,-9.747300095956455627e-146,-1.324950949013215691e-181,-2.746783130919397198e-291,-6.072875547135205787e-161,-7.319308299503618730e-125,0.000000000000000000e+00,-7.687395087277056061e-02,-1.537063105483673642e-01,1.203266915440399931e-01,2.886714074491304738e-02,5.092586073364782084e-01,-4.997105015138597609e-287,0.000000000000000000e+00,-1.553690077060098937e-204,-4.716921888386816095e-111,0.000000000000000000e+00,-8.176961730115914096e-135,-3.443152583428722553e-131,-3.700849226528569006e-314,-2.108285633718224659e-313,-6.510561051385722695e-228,-6.704289162417779141e-223,0.000000000000000000e+00,0.000000000000000000e+00,0.000000000000000000e+00,-1.180045004671631377e-296,-4.836527870737771170e-265,0.000000000000000000e+00,0.000000000000000000e+00,0.000000000000000000e+00,-2.306685648049020543e-01,-2.640275082576289095e-268,-8.053586450653443544e-177,0.000000000000000000e+00,0.000000000000000000e+00,0.000000000000000000e+00,-6.657569195926590366e-264,-2.610455293946709498e-268,0.000000000000000000e+00,-2.108413068270518157e-294,-1.027676364152168348e-150,2.727592762092515555e-01,-3.924598841305618757e-01,-8.527064157458891696e-123,0.000000000000000000e+00,-2.152213663142983644e-121,-6.783671159901480637e-103,-4.331504193359389234e-101,-3.379489200960409888e-111,0.000000000000000000e+00
2.550268096514745064e-01,7.484361036639857086e-03,1.150580875781948183e-02,0.000000000000000000e+00,-2.613963066344219048e-244,-2.458956815087697788e-293,0.000000000000000000e+00,-5.194668436872504727e-310,0.000000000000000000e+00,0.000000000000000000e+00,-2.522043375126615357e-305,0.000000000000000000e+00,0.000000000000000000e+00,-4.999999999708899523e-01,0.000000000000000000e+00,0.000000000000000000e+00,0.000000000000000000e+00,0.000000000000000000e+00,0.000000000000000000e+00,0.000000000000000000e+00,-1.666666666440413946e-01,0.000000000000000000e+00,0.000000000000000000e+00,0.000000000000000000e+00,-1.430245999515926272e-242,0.000000000000000000e+00,0.000000000000000000e+00,-1.918025959828473989e-92,-1.045707367996493821e-40,0.000000000000000000e+00,0.000000000000000000e+00,0.000000000000000000e+00,-1.164693260129419151e-231,2.741286863270777641e-01,1.251117068811438866e-02,1.072386058981233264e-02,2.727882037533512216e-01,8.378016085790885095e-03,9.718498659517425808e-03,0.000000000000000000e+00,0.000000000000000000e+00,0.000000000000000000e+00,-3.333333333850686531e-01,0.000000000000000000e+00,0.000000000000000000e+00,0.000000000000000000e+00,0.000000000000000000e+00,-2.775244992217227038e-199,0.000000000000000000e+00,-7.419600708234793342e-141,-6.023689969671049688e-246,0.000000000000000000e+00,6.657730116175156199e-02,7.115728328865057739e-02,-8.852202203412424292e-272,-2.225867830338357528e-228,0.000000000000000000e+00
8.157389635316697821e-03,2.317658349328214906e-01,1.967370441458733341e-02,0.000000000000000000e+00,0.000000000000000000e+00,-6.363622073047868755e-01,-1.818188977030767151e-01,-2.538192965371547737e-235,0.000000000000000000e+00,-1.082788501410467976e-307,-1.303688676851465811e-307,-1.168777785273948148e-284,-9.090944750811090491e-02,0.000000000000000000e+00,0.000000000000000000e+00,-3.912313665166336371e-157,-5.674341922680635781e-150,0.000000000000000000e+00,0.000000000000000000e+00,0.000000000000000000e+00,0.000000000000000000e+00,-4.410651205070516891e-256,0.000000000000000000e+00,-4.045627482075145172e-191,-1.096011391974317076e-134,-4.076177286543786041e-178,-6.147318411879284993e-279,-2.490090855039882583e-321,0.000000000000000000e+00,0.000000000000000000e+00,0.000000000000000000e+00,0.000000000000000000e+00,0.000000000000000000e+00,8.877159309021113304e-03,2.250479846449136290e-01,2.063339731285988507e-02,8.637236084452975388e-03,2.339251439539347388e-01,1.871401151631477827e-02,-7.283065796246276955e-252,0.000000000000000000e+00,0.000000000000000000e+00,0.000000000000000000e+00,-2.437829539903337582e-208,0.000000000000000000e+00,0.000000000000000000e+00,0.000000000000000000e+00,0.000000000000000000e+00,0.000000000000000000e+00,-1.292694873079092402e-215,0.000000000000000000e+00,-1.317432272394868098e-02,0.000000000000000000e+00,1.468330134357005712e-01,0.000000000000000000e+00,0.000000000000000000e+00,-4.150151425066470971e-322
-1.869299436399574077e-03,8.055235903337169823e-03,1.576524741081703207e-01,-4.885535400104877168e-274,-1.110636540817693301e-181,-1.668260224498686754e-110,-2.709781166192307437e-305,-1.242386003189545339e-124,-1.698516528654605518e-82,-1.871521289887905383e-170,-3.595494191146357169e-119,-9.557247274203609050e-171,-4.348499724473955941e-02,-8.693236996276386408e-02,-7.346926919975735972e-203,-1.756694101481238875e-139,-3.479917608809684297e-98,-2.126831972555585894e-233,-5.834801487304103475e-303,0.000000000000000000e+00,0.000000000000000000e+00,-2.268715441881777813e-190,-4.346489426252047455e-02,0.000000000000000000e+00,-3.836499526570162937e-193,-4.346618507574041140e-02,-4.140408451039581112e-146,-4.454082278107871191e-240,0.000000000000000000e+00,-5.584760284795007404e-285,0.000000000000000000e+00,-8.693208882694747341e-02,-2.528854363752633468e-139,3.855005753739931124e-02,1.150747986191024211e-02,1.277075857159183925e-01,-1.773614665169776783e-01,6.904487917146144571e-03,3.876299835669944072e-02,-8.696713191449248481e-02,0.000000000000000000e+00,-1.703915670665960193e-195,0.000000000000000000e+00,-1.343042885167908098e-92,-2.071787455929164488e-168,-8.182759623739111017e-203,-1.995074574753365845e-241,-6.132208578814130378e-130,-1.822943232897507618e-230,-1.640741083855659480e-231,-4.688665995307714945e-163,2.891254315304948030e-01,6.645569620253163889e-02,-4.050918613399286531e-181,-2.947916410202354039e-227,-1.742430138930258776e-01,-3.596250165566294283e-303
1.326844548861665918e-01,5.146277339598366238e-03,5.314090731107008747e-03,0.000000000000000000e+00,0.000000000000000000e+00,-2.058279878632960566e-139,1.319759094553523138e-01,5.351382595886707179e-03,5.910760567582181921e-03,-9.122212826893538702e-138,-1.531289776909216289e-280,0.000000000000000000e+00,-8.334198485397177614e-02,0.000000000000000000e+00,-8.334201606097076109e-02,0.000000000000000000e+00,0.000000000000000000e+00,-8.535093233297038426e-234,-2.396963397335248995e-182,0.000000000000000000e+00,0.000000000000000000e+00,5.121167971601216229e-02,4.903880218530327732e-03,5.556487852175048120e-03,-2.012737061415985074e-01,5.053047677649120592e-03,5.015755812869422160e-03,-2.301373657820280420e-105,-2.074879110972976892e-161,0.000000000000000000e+00,0.000000000000000000e+00,-4.123523238651402464e-135,-8.334199410487981574e-02,0.000000000000000000e+00,0.000000000000000000e+00,0.000000000000000000e+00,-1.355788585698627805e-233,-1.154943042822034631e-191,-8.190596284302856489e-35,0.000000000000000000e+00,0.000000000000000000e+00,-8.334199408105107121e-02,0.000000000000000000e+00,-1.055784869349038163e-234,-2.278740027618245892e-269,5.044334810177025785e-02,4.680129029852138009e-03,4.959818015699874946e-03,-8.334199414749790535e-02,-9.745960829973723194e-286,0.000000000000000000e+00,1.314351774160466835e-01,5.127631407208517456e-03,-7.847658166400060809e-02,0.000000000000000000e+00,7.232757174022487467e-02,6.936286849023885759e-02
5.047649814246486615e-03,-6.161510878909201572e-02,1.082216120174446863e-02,-2.980487746763356500e-167,-2.830126471486982630e-207,-7.495090713455711262e-02,5.693748990470036929e-03,1.164189953157809682e-01,1.053949281214666515e-02,-7.496013887032551559e-02,-6.399583889168492705e-128,-4.432575080154180946e-216,-1.248947930671191198e-01,-4.500414238994559593e-196,-2.856280741033447184e-209,-6.526275787984102407e-94,-1.630474360777753800e-161,-1.151685556584063703e-69,-1.435858345500867057e-267,-9.422929410244367474e-256,-1.359144492501344438e-195,-1.446478828831134211e-01,1.211435955419156857e-01,9.287675658213536203e-03,4.845743821676627358e-03,6.628976807413003436e-02,9.812631238895169750e-03,-2.277380354041116393e-179,-2.936067342928525587e-157,-3.326444786167227737e-158,0.000000000000000000e+00,-2.498190127968843294e-02,-5.019786880611573632e-02,-1.688522327890418938e-33,-2.498422543150749173e-02,-3.395389673444529711e-145,-5.998717227125106248e-195,-1.223445142397480187e-156,-6.270903253811483679e-180,-1.888890652252661402e-207,0.000000000000000000e+00,-3.449198794648536761e-216,-3.487939725135254852e-167,-2.172822759542674098e-194,-4.853380776142914067e-25,4.966887417218543259e-03,1.156921337425294849e-01,-2.397411608402320038e-01,-5.289545939448374871e-275,-1.272685264686386545e-112,-4.869972037758282425e-137,5.411080600872234317e-03,1.181553868518817607e-01,9.449200452269422915e-03,7.131319657567436465e-02,-8.774473165430193072e-89,1.360846389920852828e-01
1.889077258416081359e-02,5.764107532090094292e-03,8.224751755873092873e-02,0.000000000000000000e+00,-2.282597156566323437e-219,-7.618159786517154494e-267,1.913296197626544043e-02,5.231290869459917676e-03,8.035844030031484564e-02,-2.307690846419046538e-01,-6.742807901473086818e-83,0.000000000000000000e+00,0.000000000000000000e+00,0.000000000000000000e+00,-5.165343167592944223e-268,0.000000000000000000e+00,0.000000000000000000e+00,0.000000000000000000e+00,-7.692325843256087037e-02,0.000000000000000000e+00,0.000000000000000000e+00,2.024703317994671833e-02,4.940663598934367032e-03,-1.491502759050541971e-01,2.102203923468152005e-02,5.037539355776217247e-03,8.713974327924436936e-02,-1.039145456176978626e-280,-3.765459752818275916e-232,0.000000000000000000e+00,0.000000000000000000e+00,0.000000000000000000e+00,0.000000000000000000e+00,0.000000000000000000e+00,0.000000000000000000e+00,0.000000000000000000e+00,-2.413863237793217501e-153,-2.307697796304503668e-01,-1.838285642042562064e-228,-2.931586598693211235e-299,0.000000000000000000e+00,0.000000000000000000e+00,-7.692325722119212894e-02,-6.708396375256610495e-287,0.000000000000000000e+00,2.174860741099539710e-02,5.425042383143618106e-03,8.084281908452409238e-02,0.000000000000000000e+00,-1.976262583364986177e-323,-3.913573319415922086e-233,-1.333572964575274467e-01,6.345362073141196449e-03,8.321627512714943609e-02,2.793412448534754455e-01,7.096149188665536178e-02,0.000000000000000000e+00
